rsId,CHR_ID,CHR_POS,chromosomeName,chromosomePosition,CHR_ID_1,CHR_POS_2,Genomic location (strand+or-)
rs10000518,4,11502867,['4'],[11502867],4,11502867,11502867+
rs1001007,3,46387167,['3'],[46387167],3,46387167,46387167+
rs1004234,5,132421409,['5'],[132421409],5,132421409,132421409+
rs10045403,5,96812030,['5'],[96812030],5,96812030,96812030+
rs10045403 x rs116488202,5 x 6,96812030 x 31377139,,,,,
rs10093384,8,87623714,,,8,87623714,87623714+
rs10094579,8,89837077,['8'],[89837077],8,89837077,89837077+
rs1013210,8,24259209,['8'],[24259209],8,24259209,24259209+
rs10171979,2,112065743,,,2,112065743,112065743+
rs1018326,2,181143073,['2'],[181143073],2,181143073,181143073+
rs10280089,7,38667217,['7'],[38667217],7,38667217,38667217+
rs10440635,5,40490688,['5'],[40490688],5,40490688,40490688+
rs10510607,3,28244770,['3'],[28244770],3,28244770,28244770+
rs10743181,11,2208529,['11'],[2208529],11,2208529,2208529+
rs10748781,10,99523573,['10'],[99523573],10,99523573,99523573+
rs10750899,11,58517478,['11'],[58517478],11,58517478,58517478+
rs10758669,9,4981602,['9'],[4981602],9,4981602,4981602+
rs10761648,10,62594503,['10'],[62594503],10,62594503,62594503+
rs10775412,17,27542007,['17'],[27542007],17,27542007,27542007+
rs10781500,9,136374886,['9'],[136374886],9,136374886,136374886+
rs10800314,1,161502999,['1'],[161502999],1,161502999,161502999+
rs10822050,10,62679011,['10'],[62679011],10,62679011,62679011+
rs10865331,2,62324337,['2'],[62324337],2,62324337,62324337+
rs10870077,9,136369439,['9'],[136369439],9,136369439,136369439+
rs10889676,1,67256884,['1'],[67256884],1,67256884,67256884+
rs10988542,9,129894985,['9'],[129894985],9,129894985,129894985+
rs10995271,10,62678726,['10'],[62678726],10,62678726,62678726+
rs11065898,12,111424771,['12'],[111424771],12,111424771,111424771+
rs11098964,4,79966815,['4'],[79966815],4,79966815,79966815+
rs11117431,16,85981710,['16'],[85981710],16,85981710,85981710+
rs111305875,6,167098098,['6'],[167098098],6,167098098,167098098+
rs11145763,9,136369144,['9'],[136369144],9,136369144,136369144+
rs11168249,12,47814585,['12'],[47814585],12,47814585,47814585+
rs11190133,10,99518968,['10'],[99518968],10,99518968,99518968+
rs11209026,1,67240275,['1'],[67240275],1,67240275,67240275+
rs11221322,11,128476898,['11'],[128476898],11,128476898,128476898+
rs11221332,11,128511079,['11'],[128511079],11,128511079,128511079+
rs11229555,11,58641214,['11'],[58641214],11,58641214,58641214+
rs11230563,11,61008737,['11'],[61008737],11,61008737,61008737+
rs11236797,11,76588605,['11'],[76588605],11,76588605,76588605+
rs11249215,1,24970693,['1'],[24970693],1,24970693,24970693+
rs1128905,9,136359387,['9'],[136359387],9,136359387,136359387+
rs11306716,3,7295668,['3'],[7295668],,,
rs114202211,1,113943285,['1'],[113943285],1,113943285,113943285+
rs114846446,2,2944140,['2'],[2944140],2,2944140,2944140+
rs11574938,16,30474072,['16'],[30474072],16,30474072,30474072+
rs11580078,1,67203951,['1'],[67203951],1,67203951,67203951+
rs115879499,7,5059438,,,,,
rs116046827,3,49618715,['3'],[49618715],3,49618715,49618715+
rs11614178,12,68114342,['12'],[68114342],12,68114342,68114342+
rs11616188,12,6393576,['12'],[6393576],12,6393576,6393576+
rs11624293,14,88022477,['14'],[88022477],14,88022477,88022477+
rs116488202,6,31377139,['6'],[31377139],6,31377139,31377139+
rs11649613,16,11225500,['16'],[11225500],16,11225500,11225500+
rs11675538,2,65459327,['2'],[65459327],2,65459327,65459327+
rs11676348,2,218145423,['2'],[218145423],2,218145423,218145423+
rs11691685,2,144724260,['2'],[144724260],2,144724260,144724260+
rs117372389,16,50634166,['16'],[50634166],16,50634166,50634166+
rs11741255,5,132475490,['5'],[132475490],5,132475490,132475490+
rs11742270,5,35881341,['5'],[35881341],5,35881341,35881341+
rs117486637,7,147641371,['7'],[147641371],,,
rs11749040,5,40396323,['5'],[40396323],5,40396323,40396323+
rs11749391,5,150849504,['5'],[150849504],5,150849504,150849504+
rs11750385,5,10521556,['5'],[10521556],5,10521556,10521556+
rs1182188,7,2830351,['7'],[2830351],7,2830351,2830351+
rs11839053,13,106410694,['13'],[106410694],13,106410694,106410694+
rs11871012,17,27295723,,,17,27295723,27295723+
rs12075255,1,206788283,['1'],[206788283],1,206788283,206788283+
rs12131796,1,200909599,['1'],[200909599],1,200909599,200909599+
rs12141575,1,67281753,['1'],[67281753],1,67281753,67281753+
rs12146962,14,32911892,['14'],[32911892],14,32911892,32911892+
rs12186979,5,40524758,['5'],[40524758],5,40524758,40524758+
rs12188300,5,159402519,['5'],[159402519],5,159402519,159402519+
rs12232497,17,39883866,['17'],[39883866],17,39883866,39883866+
rs12369214,12,106804833,['12'],[106804833],12,106804833,106804833+
rs1250550,10,79300560,['10'],[79300560],10,79300560,79300560+
rs1250563,10,79287626,['10'],[79287626],10,79287626,79287626+
rs1250573,10,79282718,['10'],[79282718],10,79282718,79282718+
rs12598357,16,28329624,['16'],[28329624],16,28329624,28329624+
rs1260326,2,27508073,['2'],[27508073],2,27508073,27508073+
rs12615545,2,181183725,['2'],[181183725],2,181183725,181183725+
rs1267499,6,14715651,['6'],[14715651],6,14715651,14715651+
rs12694846,2,230283413,['2'],[230283413],2,230283413,230283413+
rs12718244,7,50136058,['7'],[50136058],7,50136058,50136058+
rs12720356,19,10359299,['19'],[10359299],19,10359299,10359299+
rs12758027,1,210621464,['1'],[210621464],1,210621464,210621464+
rs12863738,X,136949968,['X'],[136949968],X,136949968,136949968+
rs12879003,14,35359535,['14'],[35359535],14,35359535,35359535+
rs1292035,17,59912196,['17'],[59912196],17,59912196,59912196+
rs12928404,16,28835925,['16'],[28835925],16,28835925,28835925+
rs12932970,16,85970504,['16'],[85970504],16,85970504,85970504+
rs12942547,17,42375526,['17'],[42375526],17,42375526,42375526+
rs12943464,17,47612985,['17'],[47612985],17,47612985,47612985+
rs12968719,18,12879467,['18'],[12879467],18,12879467,12879467+
rs12987977,2,102358876,['2'],[102358876],2,102358876,102358876+
rs13001372,2,62341086,['2'],[62341086],2,62341086,62341086+
rs13093489,3,27753416,['3'],[27753416],3,27753416,27753416+
rs13107612,4,101818823,['4'],[101818823],4,101818823,101818823+
rs13132308,4,122629959,['4'],[122629959],4,122629959,122629959+
rs13210693,6,109277761,['6'],[109277761],6,109277761,109277761+
rs1326986,10,19640584,['10'],[19640584],10,19640584,19640584+
rs1328454,20,49823486,['20'],[49823486],20,49823486,49823486+
rs1332099,10,99538694,['10'],[99538694],10,99538694,99538694+
rs1333062,1,160876494,['1'],[160876494],1,160876494,160876494+
rs13388357,2,162465025,['2'],[162465025],,,
rs13407913,2,24874775,['2'],[24874775],2,24874775,24874775+
rs140135,22,29767846,['22'],[29767846],22,29767846,29767846+
rs1405108,2,198880294,['2'],[198880294],2,198880294,198880294+
rs141992399,9,136365140,['9'],[136365140],9,136365140,136365140+
rs148783236,15,50492819,['15'],[50492819],15,50492819,50492819+
rs1525735,7,17157947,['7'],[17157947],7,17157947,17157947+
rs1551399,8,125527723,['8'],[125527723],8,125527723,125527723+
rs1569328,14,75275048,['14'],[75275048],14,75275048,75275048+
rs1569414,22,45331684,['22'],[45331684],22,45331684,45331684+
rs1580226,22,34413463,,,22,34413463,34413463+
rs16841904,1,197732862,['1'],[197732862],1,197732862,197732862+
rs1689510,12,56002984,['12'],[56002984],12,56002984,56002984+
rs16967103,15,38606989,['15'],[38606989],15,38606989,38606989+
rs17030062,2,65234591,['2'],[65234591],,,
rs17085007,13,26957130,['13'],[26957130],13,26957130,26957130+
rs17095830,12,45381125,['12'],[45381125],12,45381125,45381125+
rs17192932,6,31354352,['6'],[31354352],6,31354352,31354352+
rs17229679,2,198696033,['2'],[198696033],2,198696033,198696033+
rs17293632,15,67150258,['15'],[67150258],15,67150258,67150258+
rs174535,11,61783884,['11'],[61783884],11,61783884,61783884+
rs17466626,12,40366829,['12'],[40366829],12,40366829,40366829+
rs17622378,5,132442760,['5'],[132442760],5,132442760,132442760+
rs17622517,5,132467845,['5'],[132467845],5,132467845,132467845+
rs17765610,6,89956054,['6'],[89956054],6,89956054,89956054+
rs17780256,17,72646784,['17'],[72646784],17,72646784,72646784+
rs17885785,11,2146620,['11'],[2146620],11,2146620,2146620+
rs1800682,10,88990206,['10'],[88990206],10,88990206,88990206+
rs1801274,1,161509955,['1'],[161509955],1,161509955,161509955+
rs183686347,1,67237759,['1'],[67237759],1,67237759,67237759+
rs1847472,6,90263440,['6'],[90263440],6,90263440,90263440+
rs1860545,12,6337611,['12'],[6337611],12,6337611,6337611+
rs1870293,16,30959620,['16'],[30959620],16,30959620,30959620+
rs1883832,20,46118343,['20'],[46118343],20,46118343,46118343+
rs1893592,21,42434957,['21'],[42434957],21,42434957,42434957+
rs196941,17,64069832,['17'],[64069832],17,64069832,64069832+
rs1992661,5,40414887,['5'],[40414887],5,40414887,40414887+
rs201014116,2,25278036,['2'],[25278036],2,25278036,25278036+
rs2024092,19,1124032,['19'],[1124032],19,1124032,1124032+
rs2026029,13,49021195,['13'],[49021195],13,49021195,49021195+
rs2031610,10,88994730,['10'],[88994730],10,88994730,88994730+
rs2032890,5,96785448,,,5,96785448,96785448+
rs2042011,8,128215706,['8'],[128215706],8,128215706,128215706+
rs2050392,10,30402574,['10'],[30402574],10,30402574,30402574+
rs2066363,1,81771892,['1'],[81771892],1,81771892,81771892+
rs2066845,16,50722629,['16'],[50722629],16,50722629,50722629+
rs2069835,7,22728252,['7'],[22728252],,,
rs2075184,2,102464132,['2'],[102464132],2,102464132,102464132+
rs2075726,22,36914004,['22'],[36914004],22,36914004,36914004+
rs2104286,10,6057082,['10'],[6057082],10,6057082,6057082+
rs2111485,2,162254026,['2'],[162254026],2,162254026,162254026+
rs2143178,22,39264824,['22'],[39264824],22,39264824,39264824+
rs2145623,14,35370030,['14'],[35370030],14,35370030,35370030+
rs2192752,2,102152913,['2'],[102152913],2,102152913,102152913+
rs2227551,10,73909432,['10'],[73909432],10,73909432,73909432+
rs2234161,1,2559766,['1'],[2559766],1,2559766,2559766+
rs2236379,10,6485181,['10'],[6485181],10,6485181,6485181+
rs2242944,21,39093252,['21'],[39093252],21,39093252,39093252+
rs2266961,22,21574308,['22'],[21574308],22,21574308,21574308+
rs2274894,17,27772145,,,17,27772145,27772145+
rs2283790,22,21602364,['22'],[21602364],22,21602364,21602364+
rs2284553,21,33404389,['21'],[33404389],21,33404389,33404389+
rs2297518,17,27769571,['17'],[27769571],17,27769571,27769571+
rs2297909,1,200991179,['1'],[200991179],1,200991179,200991179+
rs2301436,6,167024500,['6'],[167024500],6,167024500,167024500+
rs2310173,2,102047167,['2'],[102047167],2,102047167,102047167+
rs2328530,6,20643496,['6'],[20643496],6,20643496,20643496+
rs235316,21,44852190,['21'],[44852190],21,44852190,44852190+
rs2357623,16,50660100,['16'],[50660100],16,50660100,50660100+
rs2394250,6,29975879,['6'],[29975879],6,29975879,29975879+
rs2402752,7,124799545,['7'],[124799545],7,124799545,124799545+
rs2429929,17,71725783,,,17,71725783,71725783+
rs2451258,6,159085568,['6'],[159085568],6,159085568,159085568+
rs2476601,1,113834946,['1'],[113834946],1,113834946,113834946+
rs2497318,10,92672243,['10'],[92672243],10,92672243,92672243+
rs2516514,6,31479358,['6'],[31479358],,,
rs2531875,17,27821141,['17'],[27821141],17,27821141,27821141+
rs2538470,7,148523356,['7'],[148523356],7,148523356,148523356+
rs2549803,5,96839226,['5'],[96839226],5,96839226,96839226+
rs259964,20,59249254,['20'],[59249254],20,59249254,59249254+
rs26528,16,28506388,['16'],[28506388],16,28506388,28506388+
rs2666218,2,9262859,['2'],[9262859],2,9262859,9262859+
rs2738774,20,63637985,['20'],[63637985],20,63637985,63637985+
rs27434,5,96793809,['5'],[96793809],5,96793809,96793809+
rs27529,5,96790605,['5'],[96790605],5,96790605,96790605+
rs2779255,17,27810514,['17'],[27810514],17,27810514,27810514+
rs2807264,X,136583619,['X'],[136583619],X,136583619,136583619+
rs2812378,9,34710263,['9'],[34710263],9,34710263,34710263+
rs2816958,1,200132792,['1'],[200132792],1,200132792,200132792+
rs2823288,21,15448569,['21'],[15448569],21,15448569,15448569+
rs2836882,21,39094644,['21'],[39094644],21,39094644,39094644+
rs2836883,21,39094818,['21'],[39094818],21,39094818,39094818+
rs2844510,6,31442631,['6'],[31442631],,,
rs28550029,7,26832962,['7'],[26832962],7,26832962,26832962+
rs28701841,6,106082455,['6'],[106082455],6,106082455,106082455+
rs28998802,17,27797882,['17'],[27797882],17,27797882,27797882+
rs2910686,5,96916885,['5'],[96916885],5,96916885,96916885+
rs30187,5,96788627,['5'],[96788627],5,96788627,96788627+
rs30187 x rs116488202,5 x 6,96788627 x 31377139,,,,,
rs3024493,1,206770623,['1'],[206770623],1,206770623,206770623+
rs3118471,10,6060794,['10'],[6060794],10,6060794,6060794+
rs3124998,9,136494980,['9'],[136494980],9,136494980,136494980+
rs3184504,12,111446804,['12'],[111446804],12,111446804,111446804+
rs3197999,3,49684099,['3'],[49684099],3,49684099,49684099+
rs34670647,17,27295723,['17'],[27295723],,,
rs34779708,10,35177257,['10'],[35177257],10,35177257,35177257+
rs34804116,5,73244023,['5'],[73244023],5,73244023,73244023+
rs34884278,1,172869708,['1'],[172869708],1,172869708,172869708+
rs34920465,1,22373858,['1'],[22373858],1,22373858,22373858+
rs34939008,4,23344561,['4'],[23344561],4,23344561,23344561+
rs35018800,19,10354167,['19'],[10354167],19,10354167,10354167+
rs35074907,19,10489742,['19'],[10489742],19,10489742,10489742+
rs35164067,19,10414505,['19'],[10414505],19,10414505,10414505+
rs35300242,2,233260144,['2'],[233260144],2,233260144,233260144+
rs35320439,2,241797926,['2'],[241797926],2,241797926,241797926+
rs353339,5,40201698,['5'],[40201698],5,40201698,40201698+
rs35667974,2,162268127,['2'],[162268127],2,162268127,162268127+
rs35736272,17,39876427,['17'],[39876427],17,39876427,39876427+
rs35874463,15,67165360,['15'],[67165360],15,67165360,67165360+
rs36001488,2,233276621,['2'],[233276621],2,233276621,233276621+
rs36051895,9,4981866,['9'],[4981866],9,4981866,4981866+
rs367569,16,11271643,['16'],[11271643],16,11271643,11271643+
rs3747517,2,162272314,['2'],[162272314],2,162272314,162272314+
rs3749171,2,240630275,['2'],[240630275],2,240630275,240630275+
rs3766606,1,7962137,['1'],[7962137],1,7962137,7962137+
rs3774937,4,102513096,['4'],[102513096],4,102513096,102513096+
rs3776414,5,10689450,['5'],[10689450],5,10689450,10689450+
rs378108,21,39097594,['21'],[39097594],21,39097594,39097594+
rs3806308,1,19816373,['1'],[19816373],1,19816373,19816373+
rs3853824,17,56803632,['17'],[56803632],17,56803632,56803632+
rs395157,5,38867630,['5'],[38867630],5,38867630,38867630+
rs4129267,1,154453788,['1'],[154453788],1,154453788,154453788+
rs41299637,1,200908722,['1'],[200908722],1,200908722,200908722+
rs4243971,20,32261714,['20'],[32261714],20,32261714,32261714+
rs4246905,9,114790969,['9'],[114790969],9,114790969,114790969+
rs4333130,4,80028675,['4'],[80028675],4,80028675,80028675+
rs4349859,6,31398010,['6'],[31398010],6,31398010,31398010+
rs4389526,4,80025321,['4'],[80025321],4,80025321,80025321+
rs4418214,6,31423624,['6'],[31423624],,,
rs4456788,21,44196441,['21'],[44196441],21,44196441,44196441+
rs4463302,6,31375890,['6'],[31375890],,,
rs4552569,5,83877774,['5'],[83877774],5,83877774,83877774+
rs4561177,11,110091706,['11'],[110091706],11,110091706,110091706+
rs4625,3,49534707,['3'],[49534707],3,49534707,49534707+
rs4655215,1,19811221,['1'],[19811221],1,19811221,19811221+
rs4672505,2,62333197,['2'],[62333197],2,62333197,62333197+
rs4676406,2,240639691,['2'],[240639691],2,240639691,240639691+
rs4676410,2,240624322,['2'],[240624322],2,240624322,240624322+
rs469758,5,96786011,['5'],[96786011],5,96786011,96786011+
rs4703855,5,72398072,['5'],[72398072],5,72398072,72398072+
rs4728142,7,128933913,['7'],[128933913],7,128933913,128933913+
rs4802307,19,46346549,['19'],[46346549],19,46346549,46346549+
rs4812833,20,44440356,['20'],[44440356],20,44440356,44440356+
rs4845604,1,151829204,['1'],[151829204],1,151829204,151829204+
rs4851529,2,102030838,['2'],[102030838],2,102030838,102030838+
rs4869313,5,96888176,['5'],[96888176],5,96888176,96888176+
rs4876208,8,2191959,['8'],[2191959],8,2191959,2191959+
rs4917129,7,50283578,['7'],[50283578],7,50283578,50283578+
rs4921482,5,159337470,['5'],[159337470],5,159337470,159337470+
rs4946717,6,106026874,['6'],[106026874],6,106026874,106026874+
rs4971079,1,155157915,['1'],[155157915],1,155157915,155157915+
rs497871,11,114476929,['11'],[114476929],,,
rs4986790,9,117713024,['9'],[117713024],9,117713024,117713024+
rs508063,1,169954535,,,1,169954535,169954535+
rs55688811,7,147641371,,,7,147641371,147641371+
rs55705316,1,206760172,['1'],[206760172],1,206760172,206760172+
rs559928,11,64382898,['11'],[64382898],11,64382898,64382898+
rs56167332,5,159400761,['5'],[159400761],5,159400761,159400761+
rs568617,11,65885771,['11'],[65885771],11,65885771,65885771+
rs5743293,17,71725783,['17'],[71725783],,,
rs5757584,22,39266545,['22'],[39266545],22,39266545,39266545+
rs582757,6,137876687,['6'],[137876687],6,137876687,137876687+
rs587259,19,34165501,['19'],[34165501],19,34165501,34165501+
rs59867199,4,122531076,['4'],[122531076],4,122531076,122531076+
rs602662,19,48703728,['19'],[48703728],19,48703728,48703728+
rs6058869,20,32760944,['20'],[32760944],20,32760944,32760944+
rs6062496,20,63697746,['20'],[63697746],20,63697746,63697746+
rs61199332,8,11573132,['8'],[11573132],,,
rs61752717,16,3243407,['16'],[3243407],16,3243407,3243407+
rs61802846,1,161504083,['1'],[161504083],1,161504083,161504083+
rs61839660,10,6052734,['10'],[6052734],10,6052734,6052734+
rs62097857,18,12857759,['18'],[12857759],18,12857759,12857759+
rs62131887,19,10476920,['19'],[10476920],19,10476920,10476920+
rs62324212,4,122639784,['4'],[122639784],4,122639784,122639784+
rs6425143,1,172875212,['1'],[172875212],1,172875212,172875212+
rs6426833,1,19845367,['1'],[19845367],1,19845367,19845367+
rs6434978,2,198702963,['2'],[198702963],2,198702963,198702963+
rs6466198,7,107839681,['7'],[107839681],7,107839681,107839681+
rs6502398,17,14832175,['17'],[14832175],17,14832175,14832175+
rs6556411,5,159356215,['5'],[159356215],5,159356215,159356215+
rs6556416,5,159391737,['5'],[159391737],5,159391737,159391737+
rs6561151,13,43910570,['13'],[43910570],13,43910570,43910570+
rs6600247,1,24978623,['1'],[24978623],1,24978623,24978623+
rs661054,11,114559688,['11'],[114559688],11,114559688,114559688+
rs66504140,18,69894282,['18'],[69894282],18,69894282,69894282+
rs6651252,8,128554935,['8'],[128554935],8,128554935,128554935+
rs6679677,1,113761186,['1'],[113761186],1,113761186,113761186+
rs6689858,1,197406337,['1'],[197406337],1,197406337,197406337+
rs6693105,1,152618187,['1'],[152618187],1,152618187,152618187+
rs6697886,1,1238231,['1'],[1238231],1,1238231,1238231+
rs67412457,16,1475709,,,16,1475709,1475709+
rs6759298,2,62341310,['2'],[62341310],2,62341310,62341310+
rs6781808,3,137722530,['3'],[137722530],3,137722530,137722530+
rs6793285,3,7295668,,,3,7295668,7295668+
rs679574,19,48702851,['19'],[48702851],19,48702851,48702851+
rs6863411,5,142133639,['5'],[142133639],5,142133639,142133639+
rs6871626,5,159399784,['5'],[159399784],5,159399784,159399784+
rs6905036,6,31305369,['6'],[31305369],,,
rs702872,2,60854175,['2'],[60854175],2,60854175,60854175+
rs7042370,9,12785074,['9'],[12785074],9,12785074,12785074+
rs706778,10,6056986,['10'],[6056986],10,6056986,6056986+
rs7097656,10,80491075,['10'],[80491075],10,80491075,80491075+
rs7100025,10,37303610,['10'],[37303610],10,37303610,37303610+
rs7115956,11,110085620,['11'],[110085620],11,110085620,110085620+
rs714830,6,20624151,['6'],[20624151],6,20624151,20624151+
rs71559680,6,21430497,['6'],[21430497],6,21430497,21430499+
rs71624119,5,56144903,['5'],[56144903],5,56144903,56144903+
rs7195296,16,11655918,['16'],[11655918],16,11655918,11655918+
rs7217335,17,27771755,['17'],[27771755],17,27771755,27771755+
rs7236492,18,79460616,['18'],[79460616],18,79460616,79460616+
rs726657,9,114934056,['9'],[114934056],9,114934056,114934056+
rs72743477,15,67171953,['15'],[67171953],15,67171953,67171953+
rs72796367,16,50728860,['16'],[50728860],16,50728860,50728860+
rs7281081,21,28099170,,,21,28099170,28099170+
rs72812861,5,173960506,['5'],[173960506],5,173960506,173960506+
rs7282490,21,44195858,['21'],[44195858],21,44195858,44195858+
rs72871627,2,162280432,['2'],[162280432],2,162280432,162280432+
rs72928038,6,90267049,['6'],[90267049],6,90267049,90267049+
rs72977586,19,1186317,['19'],[1186317],19,1186317,1186317+
rs7298011,12,25890592,['12'],[25890592],12,25890592,25890592+
rs7313895,12,40350592,['12'],[40350592],12,40350592,40350592+
rs73178598,3,18763719,['3'],[18763719],3,18763719,18763719+
rs7404095,16,23853269,['16'],[23853269],16,23853269,23853269+
rs7426056,2,203747335,['2'],[203747335],2,203747335,203747335+
rs7468800,9,114829725,['9'],[114829725],9,114829725,114829725+
rs74817271,5,151090412,['5'],[151090412],5,151090412,151090412+
rs74956615,19,10317045,['19'],[10317045],19,10317045,10317045+
rs7517847,1,67215986,['1'],[67215986],1,67215986,67215986+
rs7552167,1,24192153,['1'],[24192153],1,24192153,24192153+
rs755374,5,159402286,['5'],[159402286],5,159402286,159402286+
rs75547560,7,5059438,,,7,5059438,5059438+
rs7556897,2,227795396,['2'],[227795396],2,227795396,227795396+
rs7608910,2,60977721,['2'],[60977721],2,60977721,60977721+
rs76412624,3,18145113,,,3,18145113,18145113+
rs7660520,4,182824168,['4'],[182824168],4,182824168,182824168+
rs7672495,4,4990640,['4'],[4990640],4,4990640,4990640+
rs76913543,10,6000052,['10'],[6000052],10,6000052,6000052+
rs77150043,16,50270338,['16'],[50270338],16,50270338,50270338+
rs7725052,5,40487168,['5'],[40487168],5,40487168,40487168+
rs7731626,5,56148856,['5'],[56148856],5,56148856,56148856+
rs7743761,6,31368323,['6'],[31368323],6,31368323,31368323+
rs7784778,7,46912235,,,7,46912235,46912235+
rs77981966,2,43550825,['2'],[43550825],2,43550825,43550825+
rs7805114,7,107809588,['7'],[107809588],7,107809588,107809588+
rs7831697,8,137124061,['8'],[137124061],8,137124061,137124061+
rs7848647,9,114806766,['9'],[114806766],9,114806766,114806766+
rs7857730,9,5084049,['9'],[5084049],,,
rs7874251,9,75888242,['9'],[75888242],9,75888242,75888242+
rs78973538,1,155224224,['1'],[155224224],1,155224224,155224224+
rs7915475,10,62621908,['10'],[62621908],10,62621908,62621908+
rs7933433,11,128324555,['11'],[128324555],11,128324555,128324555+
rs79493594,20,44561731,['20'],[44561731],20,44561731,44561731+
rs7954567,12,6381959,['12'],[6381959],12,6381959,6381959+
rs79568124,1,161533059,['1'],[161533059],1,161533059,161533059+
rs8006884,14,35094005,['14'],[35094005],14,35094005,35094005+
rs80174646,1,67242472,['1'],[67242472],1,67242472,67242472+
rs8036083,15,101227617,['15'],[101227617],15,101227617,101227617+
rs8061882,16,11067551,['16'],[11067551],16,11067551,11067551+
rs8070463,17,47691470,['17'],[47691470],17,47691470,47691470+
rs860262,7,28154778,['7'],[28154778],7,28154778,28154778+
rs871656,2,102154822,['2'],[102154822],2,102154822,102154822+
rs925255,2,28391927,['2'],[28391927],2,28391927,28391927+
rs928722,6,137652695,['6'],[137652695],6,137652695,137652695+
rs9297145,7,99161494,['7'],[99161494],7,99161494,99161494+
rs941823,13,40439840,['13'],[40439840],13,40439840,40439840+
rs9491891,6,127956006,['6'],[127956006],6,127956006,127956006+
rs9494840,6,137641937,['6'],[137641937],6,137641937,137641937+
rs9554587,13,99388400,['13'],[99388400],13,99388400,99388400+
rs9687958,5,40496321,['5'],[40496321],5,40496321,40496321+
rs9797244,17,27770105,['17'],[27770105],17,27770105,27770105+
rs9889296,17,34243528,['17'],[34243528],17,34243528,34243528+
rs9901869,17,47497840,['17'],[47497840],17,47497840,47497840+
rs9947182,18,49727534,,,18,49727534,49727534+
rs9977672,21,39091357,['21'],[39091357],21,39091357,39091357+
